suite,case_id,repeat,seed,agent_capacity,bluegill_initial,minnow_initial,bass_initial,food,cover,ticks,ticks_per_day,spatial_grid,detection_radius,mate_radius,bass_mate_radius,program_ms,kernel_total_ms,kernel_avg_ms,kernel_max_ms,kernel_launches,wall_seconds,final_day,final_bluegill,final_minnow,final_bass,final_food,day_births,day_deaths,day_predation,status
capacity,cap10000,1,112,10000,2000,2500,100,3333,500,96,96,64,0.28,0.075,0.14,853.995,693.217,7.221,9.255,96,1.23,1.000000,3274,2873,100,1206,1742,0,95,ok
capacity,cap10000,2,213,10000,2000,2500,100,3333,500,96,96,64,0.28,0.075,0.14,881.523,685.141,7.137,9.528,96,1.24,1.000000,3269,2882,100,1139,1755,0,104,ok
capacity,cap10000,3,314,10000,2000,2500,100,3333,500,96,96,64,0.28,0.075,0.14,924.381,764.112,7.959,9.498,96,1.28,1.000000,3172,2928,100,1158,1695,0,95,ok
capacity,cap20000,1,112,20000,4000,5000,200,6666,1000,96,96,64,0.28,0.075,0.14,1745.719,1279.955,13.333,17.234,96,2.04,1.000000,7288,7004,338,1349,5786,0,356,ok
capacity,cap20000,2,213,20000,4000,5000,200,6666,1000,96,96,64,0.28,0.075,0.14,1739.528,1290.009,13.438,16.519,96,2.32,1.000000,7063,6606,317,1398,5104,0,318,ok
capacity,cap20000,3,314,20000,4000,5000,200,6666,1000,96,96,64,0.28,0.075,0.14,1765.867,1326.819,13.821,16.347,96,2.10,1.000000,7045,6666,308,1392,5161,0,342,ok
capacity,cap40000,1,112,40000,8000,10000,400,13333,2000,96,96,64,0.28,0.075,0.14,3821.943,2475.453,25.786,32.510,96,4.18,1.000000,16051,14203,738,2678,13676,0,1084,ok
capacity,cap40000,2,213,40000,8000,10000,400,13333,2000,96,96,64,0.28,0.075,0.14,4015.388,2647.311,27.576,43.417,96,8.27,1.000000,16297,14928,711,2618,14601,0,1065,ok
capacity,cap40000,3,314,40000,8000,10000,400,13333,2000,96,96,64,0.28,0.075,0.14,4033.487,2697.878,28.103,34.826,96,4.60,1.000000,16196,13996,729,2622,13583,0,1062,ok
capacity,cap80000,1,112,80000,16000,20000,800,26666,4000,96,96,64,0.28,0.075,0.14,9262.970,5493.404,57.223,88.795,96,9.49,1.000000,35271,24553,1604,5173,27344,0,2716,ok
capacity,cap80000,2,213,80000,16000,20000,800,26666,4000,96,96,64,0.28,0.075,0.14,9466.133,5671.259,59.076,90.482,96,9.83,1.000000,35329,24855,1631,5236,27755,0,2740,ok
capacity,cap80000,3,314,80000,16000,20000,800,26666,4000,96,96,64,0.28,0.075,0.14,9544.807,5707.107,59.449,97.041,96,9.81,1.000000,35426,24452,1649,5303,27454,0,2727,ok
capacity,cap120000,1,112,120000,24000,30000,1200,40000,6000,96,96,64,0.28,0.075,0.14,16713.840,8961.397,93.348,168.487,96,17.11,1.000000,54219,37507,2484,8077,43516,0,4506,ok
capacity,cap120000,2,213,120000,24000,30000,1200,40000,6000,96,96,64,0.28,0.075,0.14,16857.935,8900.404,92.713,164.039,96,17.50,1.000000,54822,36976,2468,8225,43554,0,4488,ok
capacity,cap120000,3,314,120000,24000,30000,1200,40000,6000,96,96,64,0.28,0.075,0.14,17338.586,9550.616,99.486,156.752,96,17.62,1.000000,54627,36673,2517,7991,43206,0,4589,ok
capacity,cap160000,1,112,160000,32000,40000,1600,53333,8000,96,96,64,0.28,0.075,0.14,26552.077,13529.797,140.935,234.378,96,26.88,1.000000,74619,49037,3352,10596,59719,0,6311,ok
capacity,cap160000,2,213,160000,32000,40000,1600,53333,8000,96,96,64,0.28,0.075,0.14,27343.645,14365.228,149.638,247.321,96,28.70,1.000000,74474,49139,3344,10610,59598,0,6241,ok
capacity,cap160000,3,314,160000,32000,40000,1600,53333,8000,96,96,64,0.28,0.075,0.14,28959.320,16171.593,168.454,258.591,96,29.29,1.000000,74498,47338,3400,10739,57957,0,6321,ok
capacity,cap200000,1,112,200000,40000,50000,2000,66666,10000,96,96,64,0.28,0.075,0.14,52827.198,32938.629,343.111,588.368,96,53.28,1.000000,93016,64624,4216,13380,78046,0,8190,ok
capacity,cap200000,2,213,200000,40000,50000,2000,66666,10000,96,96,64,0.28,0.075,0.14,52172.609,32681.004,340.427,549.173,96,52.66,1.000000,92793,62848,4188,13210,75873,0,8044,ok
capacity,cap200000,3,314,200000,40000,50000,2000,66666,10000,96,96,64,0.28,0.075,0.14,52587.980,33144.480,345.255,597.181,96,55.12,1.000000,93031,62246,4246,13355,75720,0,8197,ok
grid,grid24,1,112,100000,20000,25000,1000,33333,5000,96,96,24,0.28,0.075,0.14,13930.283,8793.534,91.599,138.533,96,14.58,1.000000,45308,31310,2056,6775,36264,0,3590,ok
grid,grid24,2,213,100000,20000,25000,1000,33333,5000,96,96,24,0.28,0.075,0.14,10311.840,5409.638,56.350,78.654,96,10.66,1.000000,45244,31718,2044,6594,36620,0,3614,ok
grid,grid24,3,314,100000,20000,25000,1000,33333,5000,96,96,24,0.28,0.075,0.14,10673.867,5860.329,61.045,86.658,96,10.96,1.000000,45899,30054,2051,6611,35586,0,3582,ok
grid,grid32,1,112,100000,20000,25000,1000,33333,5000,96,96,32,0.28,0.075,0.14,10480.628,5817.130,60.595,93.191,96,10.82,1.000000,45667,30852,2041,6566,36153,0,3593,ok
grid,grid32,2,213,100000,20000,25000,1000,33333,5000,96,96,32,0.28,0.075,0.14,10673.812,5799.687,60.413,98.656,96,11.62,1.000000,45402,31141,2075,6582,36259,0,3641,ok
grid,grid32,3,314,100000,20000,25000,1000,33333,5000,96,96,32,0.28,0.075,0.14,10768.076,6022.840,62.738,99.318,96,11.40,1.000000,45070,31680,2006,6733,36337,0,3581,ok
grid,grid48,1,112,100000,20000,25000,1000,33333,5000,96,96,48,0.28,0.075,0.14,11716.608,6468.653,67.382,108.786,96,12.01,1.000000,44641,32242,2036,6530,36547,0,3628,ok
grid,grid48,2,213,100000,20000,25000,1000,33333,5000,96,96,48,0.28,0.075,0.14,11846.528,6468.081,67.376,111.828,96,12.10,1.000000,44895,30951,2101,6671,35654,0,3707,ok
grid,grid48,3,314,100000,20000,25000,1000,33333,5000,96,96,48,0.28,0.075,0.14,11639.930,6610.076,68.855,117.629,96,12.18,1.000000,44650,31224,2047,6607,35524,0,3603,ok
grid,grid64,1,112,100000,20000,25000,1000,33333,5000,96,96,64,0.28,0.075,0.14,12602.648,7002.570,72.943,125.032,96,26.30,1.000000,44630,31523,2024,6661,35773,0,3596,ok
grid,grid64,2,213,100000,20000,25000,1000,33333,5000,96,96,64,0.28,0.075,0.14,13005.622,7217.345,75.181,123.484,96,13.78,1.000000,45027,30562,2074,6627,35297,0,3634,ok
grid,grid64,3,314,100000,20000,25000,1000,33333,5000,96,96,64,0.28,0.075,0.14,12970.082,7218.934,75.197,130.407,96,13.65,1.000000,44726,31769,2042,6775,36176,0,3639,ok
grid,grid96,1,112,100000,20000,25000,1000,33333,5000,96,96,96,0.28,0.075,0.14,15299.787,8400.943,87.510,156.210,96,15.63,1.000000,44583,30804,2073,6766,35100,0,3640,ok
grid,grid96,2,213,100000,20000,25000,1000,33333,5000,96,96,96,0.28,0.075,0.14,15257.857,8307.573,86.537,143.999,96,15.93,1.000000,44977,31033,2063,6573,35684,0,3611,ok
grid,grid96,3,314,100000,20000,25000,1000,33333,5000,96,96,96,0.28,0.075,0.14,15525.121,8702.338,90.649,166.579,96,15.87,1.000000,44491,30903,2086,6598,35155,0,3675,ok
grid,grid128,1,112,100000,20000,25000,1000,33333,5000,96,96,128,0.28,0.075,0.14,17608.868,9896.616,103.090,181.172,96,18.03,1.000000,44615,31096,2048,6586,35372,0,3613,ok
grid,grid128,2,213,100000,20000,25000,1000,33333,5000,96,96,128,0.28,0.075,0.14,17498.465,9701.503,101.057,170.537,96,17.96,1.000000,44277,31090,1980,6635,34845,0,3498,ok
grid,grid128,3,314,100000,20000,25000,1000,33333,5000,96,96,128,0.28,0.075,0.14,17400.213,9762.249,101.690,168.733,96,17.85,1.000000,43640,31017,2026,6661,34248,0,3565,ok
radius,r0.12,1,112,100000,20000,25000,1000,33333,5000,96,96,64,0.12,0.075,0.14,9122.392,2108.967,21.968,28.662,96,9.80,1.000000,46514,33719,2081,6740,40042,0,3728,ok
radius,r0.12,2,213,100000,20000,25000,1000,33333,5000,96,96,64,0.12,0.075,0.14,9369.615,2274.993,23.698,36.001,96,10.37,1.000000,46487,33742,2064,6693,40004,0,3711,ok
radius,r0.12,3,314,100000,20000,25000,1000,33333,5000,96,96,64,0.12,0.075,0.14,9132.147,2190.611,22.819,36.912,96,9.58,1.000000,46782,33619,2029,6552,40089,0,3659,ok
radius,r0.20,1,112,100000,20000,25000,1000,33333,5000,96,96,64,0.20,0.075,0.14,10482.577,4345.731,45.268,83.928,96,10.81,1.000000,45942,31379,2011,6805,36894,0,3562,ok
radius,r0.20,2,213,100000,20000,25000,1000,33333,5000,96,96,64,0.20,0.075,0.14,10360.417,4131.970,43.041,79.165,96,10.73,1.000000,45713,31872,2050,6532,37283,0,3648,ok
radius,r0.20,3,314,100000,20000,25000,1000,33333,5000,96,96,64,0.20,0.075,0.14,10445.197,4366.362,45.483,89.721,96,11.06,1.000000,45833,31027,2047,6594,36559,0,3652,ok
radius,r0.28,1,112,100000,20000,25000,1000,33333,5000,96,96,64,0.28,0.075,0.14,12819.808,7151.828,74.498,121.052,96,13.34,1.000000,44671,31486,2053,6588,35792,0,3582,ok
radius,r0.28,2,213,100000,20000,25000,1000,33333,5000,96,96,64,0.28,0.075,0.14,12855.586,7146.717,74.445,124.864,96,13.26,1.000000,44714,30917,2061,6644,35353,0,3661,ok
radius,r0.28,3,314,100000,20000,25000,1000,33333,5000,96,96,64,0.28,0.075,0.14,12949.444,7241.300,75.430,131.436,96,13.27,1.000000,45106,30837,2089,6677,35699,0,3667,ok
radius,r0.35,1,112,100000,20000,25000,1000,33333,5000,96,96,64,0.35,0.075,0.14,15192.469,9827.075,102.365,158.986,96,15.47,1.000000,44153,30383,2019,6526,34122,0,3567,ok
radius,r0.35,2,213,100000,20000,25000,1000,33333,5000,96,96,64,0.35,0.075,0.14,16062.813,10790.535,112.401,181.463,96,17.05,1.000000,44089,30312,2033,6670,33972,0,3538,ok
radius,r0.35,3,314,100000,20000,25000,1000,33333,5000,96,96,64,0.35,0.075,0.14,15304.699,10082.238,105.023,169.944,96,16.07,1.000000,44301,29472,2040,6728,33326,0,3513,ok
